uiIndex,xml_name,item_class,normalized_identity,production_year_start,production_year_end,origin_codes,origin_mask_hex,status,confidence,source_1,source_2,notes
1,Glock 17,IC_GUN,Glock 17,0,0,AUSTRIA,0x0000000000000200,CONFIRMED,HIGH,https://modernfirearms.net/en/handguns/glock-eng/,,Repository item/weapon identity cross-checked against the cited external reference; production years remain zero unless the reference states a defensible production/build bound.
2,Glock 18,IC_GUN,Glock 18,0,0,AUSTRIA,0x0000000000000200,CONFIRMED,HIGH,https://modernfirearms.net/en/handguns/glock-eng/,,Repository item/weapon identity cross-checked against the cited external reference; production years remain zero unless the reference states a defensible production/build bound.
3,Beretta 92F,IC_GUN,Beretta 92F,0,0,ITALY,0x0000000000000800,CONFIRMED,HIGH,https://modernfirearms.net/en/handguns/handguns-en/italy-semi-automatic-pistols/beretta-92-eng/,,Repository item/weapon identity cross-checked against the cited external reference; production years remain zero unless the reference states a defensible production/build bound.
4,Beretta 93R,IC_GUN,Beretta 93R,0,0,ITALY,0x0000000000000800,CONFIRMED,HIGH,https://modernfirearms.net/en/handguns/handguns-en/italy-semi-automatic-pistols/beretta-93r-eng/,,Repository item/weapon identity cross-checked against the cited external reference; production years remain zero unless the reference states a defensible production/build bound.
5,.38 Special,IC_GUN,.38 Special,0,0,,0x0000000000000000,GENERIC_GAMEPLAY_ITEM,HIGH,,,Generic '.38 Special' police revolver row; repository data does not identify a specific manufactured model/variant.
6,Barracuda,IC_GUN,Barracuda,0,0,,0x0000000000000000,UNRESOLVED,LOW,,,Research pending; keep runtime metadata zero until resolved.
7,Desert Eagle .357,IC_GUN,Desert Eagle .357,0,0,,0x0000000000000000,UNRESOLVED,LOW,,,Research pending; keep runtime metadata zero until resolved.
8,M1911A1,IC_GUN,Colt M1911A1,0,0,USA,0x0000000000000001,CONFIRMED,HIGH,https://modernfirearms.net/en/handguns/handguns-en/u-s-a-semi-automatic-pistols/colt-govt-m1911-eng/,,Repository item/weapon identity cross-checked against the cited external reference; production years remain zero unless the reference states a defensible production/build bound.
9,MP5KA4,IC_GUN,HK MP5KA4,0,0,GERMANY,0x0000000000000008,CONFIRMED,HIGH,https://modernfirearms.net/en/submachine-guns/germany-submachine-guns/hk-mp5-eng/,,Repository item/weapon identity cross-checked against the cited external reference; production years remain zero unless the reference states a defensible production/build bound.
10,MAC-10,IC_GUN,Ingram M10,0,0,USA,0x0000000000000001,CONFIRMED,HIGH,https://modernfirearms.net/en/submachine-guns/ingram-mac-10-m10-m11-eng/,,Repository item/weapon identity cross-checked against the cited external reference; production years remain zero unless the reference states a defensible production/build bound.
11,Thompson M1A1,IC_GUN,Thompson M1A1,0,0,USA,0x0000000000000001,CONFIRMED,HIGH,https://modernfirearms.net/en/submachine-guns/thompson-1921-tommy-gun-eng/,,Repository item/weapon identity cross-checked against the cited external reference; production years remain zero unless the reference states a defensible production/build bound.
12,Commando,IC_GUN,Colt M4 Commando,0,0,,0x0000000000000000,UNRESOLVED,LOW,,,Research pending; keep runtime metadata zero until resolved.
13,HK 53A3,IC_GUN,HK 53A3,0,0,GERMANY,0x0000000000000008,CONFIRMED,HIGH,https://modernfirearms.net/en/assault-rifles/germany-assault-rifles/hk-hk33-i-hk53-eng/,,Repository item/weapon identity cross-checked against the cited external reference; production years remain zero unless the reference states a defensible production/build bound.
14,AKS-74U,IC_GUN,AKS-74U,0,0,SOVIET_UNION,0x0000000000000002,CONFIRMED,HIGH,https://modernfirearms.net/en/assault-rifles/russia-assault-rifles/aks-74u-eng/,,Repository item/weapon identity cross-checked against the cited external reference; production years remain zero unless the reference states a defensible production/build bound.
15,P90,IC_GUN,FN P90,0,0,BELGIUM,0x0000000000000100,CONFIRMED,HIGH,https://modernfirearms.net/en/cartridge/5-7x28mm-ss190-fn/,,Repository item/weapon identity cross-checked against the cited external reference; production years remain zero unless the reference states a defensible production/build bound.
16,Type 85,IC_GUN,Type 85,0,0,CHINA,0x0000000080000000,CONFIRMED,HIGH,https://modernfirearms.net/en/submachine-guns/china-submachine-guns/tip-85-eng/,,Repository item/weapon identity cross-checked against the cited external reference; production years remain zero unless the reference states a defensible production/build bound.
17,SKS,IC_GUN,SKS,0,0,,0x0000000000000000,UNRESOLVED,LOW,,,Research pending; keep runtime metadata zero until resolved.
18,SVD,IC_GUN,Dragunov SVD,0,0,,0x0000000000000000,UNRESOLVED,LOW,,,Research pending; keep runtime metadata zero until resolved.
19,M24,IC_GUN,M24,0,0,USA,0x0000000000000001,CONFIRMED,HIGH,https://modernfirearms.net/en/sniper-rifles/standart-caliber-rifles/u-s-a-standart-caliber-rifles/m24-eng/,,Repository item/weapon identity cross-checked against the cited external reference; production years remain zero unless the reference states a defensible production/build bound.
20,AUG-A2,IC_GUN,Steyr AUG-A2,1997,0,AUSTRIA,0x0000000000000200,CONFIRMED,HIGH,https://modernfirearms.net/en/assault-rifles/austria-assault-rifles/steyr-aug-eng/,,Modern Firearms states Steyr-Mannlicher produced the updated AUG A2 from 1997; no reliable end bound recorded.
21,G41A2,IC_GUN,HK G41A2,0,0,,0x0000000000000000,UNRESOLVED,LOW,,,Research pending; keep runtime metadata zero until resolved.
22,Mini-14,IC_GUN,Ruger Mini-14,0,0,USA,0x0000000000000001,CONFIRMED,HIGH,https://modernfirearms.net/en/civilian-rifles/u-s-a-civilian-rifles/ruger-mini-14-eng/,,Repository item/weapon identity cross-checked against the cited external reference; production years remain zero unless the reference states a defensible production/build bound.
23,C7A2,IC_GUN,Diemaco C7A2,0,0,,0x0000000000000000,UNRESOLVED,LOW,,,Research pending; keep runtime metadata zero until resolved.
24,FAMAS,IC_GUN,FAMAS G2,0,0,FRANCE,0x0000000000000040,CONFIRMED,HIGH,https://modernfirearms.net/en/bez-rubriki-en/famas-eng/,,Repository item/weapon identity cross-checked against the cited external reference; production years remain zero unless the reference states a defensible production/build bound.
25,AK-74,IC_GUN,AK-74,0,0,SOVIET_UNION,0x0000000000000002,CONFIRMED,HIGH,https://modernfirearms.net/en/assault-rifles/russia-assault-rifles/ak-74-ak74m-eng/,,Repository item/weapon identity cross-checked against the cited external reference; production years remain zero unless the reference states a defensible production/build bound.
26,AKM,IC_GUN,AKM,0,0,SOVIET_UNION,0x0000000000000002,CONFIRMED,HIGH,https://modernfirearms.net/en/assault-rifles/russia-assault-rifles/akm-2/,,Repository item/weapon identity cross-checked against the cited external reference; production years remain zero unless the reference states a defensible production/build bound.
27,M14,IC_GUN,M14,0,1964,USA,0x0000000000000001,CONFIRMED,HIGH,https://modernfirearms.net/en/assault-rifles/u-s-a-assault-rifles/m14-eng/,,Modern Firearms states US M14 production ceased in 1964; start left zero rather than equating adoption with production.
28,FN FAL,IC_GUN,FN FAL,0,0,BELGIUM,0x0000000000000100,CONFIRMED,HIGH,https://modernfirearms.net/en/assault-rifles/belgium-assault-rifles/fn-fal-l1a1-c1-slr-eng/,,Repository item/weapon identity cross-checked against the cited external reference; production years remain zero unless the reference states a defensible production/build bound.
29,G3A3,IC_GUN,HK G3A3,0,0,GERMANY,0x0000000000000008,CONFIRMED,HIGH,https://modernfirearms.net/en/assault-rifles/germany-assault-rifles/hk-g3-eng/,,Repository item/weapon identity cross-checked against the cited external reference; production years remain zero unless the reference states a defensible production/build bound.
30,G11,IC_GUN,HK G11,1989,1989,GERMANY,0x0000000000000008,PROTOTYPE,HIGH,https://modernfirearms.net/en/assault-rifles/germany-assault-rifles/hk-g11-eng/,,HK G11 never entered ordinary serial service production; Modern Firearms identifies a 1989 pre-production batch/variant. 1989 is used as a physical pre-production proxy year.
31,M870,IC_GUN,Remington M870,0,0,USA,0x0000000000000001,CONFIRMED,HIGH,https://modernfirearms.net/en/shotguns/u-s-a-shotguns/remington-870-eng/,,Repository item/weapon identity cross-checked against the cited external reference; production years remain zero unless the reference states a defensible production/build bound.
32,SPAS-15,IC_GUN,SPAS-15,1986,2005,ITALY,0x0000000000000800,CONFIRMED,HIGH,https://modernfirearms.net/en/shotguns/italy-shotguns/franchi-spas-15-eng/,,Modern Firearms gives the SPAS-15 production period as 1986-2005.
33,CAWS,IC_GUN,HK CAWS,0,0,USA|GERMANY,0x0000000000000009,PROTOTYPE,HIGH,https://modernfirearms.net/en/shotguns/germany-shotguns/hk-caws-eng/,,"HK CAWS was a genuine German-US experimental program: HK weapon with Olin/Winchester ammunition. No defensible full physical-build window recorded, so years remain zero."
34,Minimi,IC_GUN,FN Minimi,1982,0,BELGIUM,0x0000000000000100,CONFIRMED,HIGH,https://modernfirearms.net/en/machineguns/belgium-machineguns/fn-minimi-eng/,,Modern Firearms states FN Minimi mass production began in 1982; production end remains open.
35,RPK-74,IC_GUN,RPK-74,0,0,SOVIET_UNION,0x0000000000000002,CONFIRMED,HIGH,https://modernfirearms.net/en/machineguns/russia-machineguns/rpk-74-eng/,,Repository item/weapon identity cross-checked against the cited external reference; production years remain zero unless the reference states a defensible production/build bound.
36,HK 21E,IC_GUN,HK 21E,0,0,GERMANY,0x0000000000000008,CONFIRMED,HIGH,https://modernfirearms.net/ru/pulemety/germanija-pulemety/hk-21-i-23/,,Repository item/weapon identity cross-checked against the cited external reference; production years remain zero unless the reference states a defensible production/build bound.
40,M79,IC_LAUNCHER,M79 Grenade Launcher,1961,1971,USA,0x0000000000000001,CONFIRMED,MEDIUM,https://modernfirearms.net/en/grenade-launchers/u-s-a-grenade-launchers/m79-eng/,,Modern Firearms chronology places production/service introduction in 1961 and replacement/US production cessation by the early 1970s; recorded as the established M79 production window from the research source.
41,Mortar,IC_LAUNCHER,M224 Mortar,0,0,USA,0x0000000000000001,CONFIRMED,HIGH,https://jpeoaa.army.mil/Portals/94/Documents/JPEOAAPortfolioBook_2025.pdf,,Repository item/weapon identity cross-checked against the cited external reference; production years remain zero unless the reference states a defensible production/build bound.
48,Queen Spit,IC_GUN,Queen Creature Spit,0,0,,0x0000000000000000,FICTIONAL_UNFLAGGED,HIGH,,,Repository data identifies this row as a creature attack rather than a manufactured weapon; existing SciFi flag is 0 and is intentionally unchanged.
50,Talon,IC_LAUNCHER,Talon Grenade Launcher,0,0,,0x0000000000000000,FICTIONAL_UNFLAGGED,HIGH,,,Repository description identifies the Talon as a game-specific US launcher that is merely a carbon copy of the real M203PI; no distinct historical manufactured Talon variant is established.
51,LAW,IC_LAUNCHER,M72A4 LAW,0,0,USA,0x0000000000000001,CONFIRMED,HIGH,https://modernfirearms.net/en/grenade-launchers/u-s-a-grenade-launchers/m72-law-eng/,,Repository item/weapon identity cross-checked against the cited external reference; production years remain zero unless the reference states a defensible production/build bound.
55,Rocket Rifle,IC_GUN,Rocket Rifle,0,0,,0x0000000000000000,FICTIONAL_SCIFI,HIGH,,,Repository data presents this as JA2 rocket-rifle technology; existing SciFi=1 is retained and no fictional origin bit is invented.
56,Automag III,IC_GUN,Automag III Custom,0,0,,0x0000000000000000,FICTIONAL_UNFLAGGED,HIGH,,,"Repository data describes a game-specific custom Automag III modified to fire .50 Beowulf and engraved 'Big Bertha'; treat the represented custom variant as fictional/unverified, not the real Automag III family."
57,Infant Spit,IC_GUN,Infant Spit,0,0,,0x0000000000000000,FICTIONAL_UNFLAGGED,HIGH,,,Repository data identifies this row as a creature attack rather than a manufactured weapon; existing SciFi flag is 0 and is intentionally unchanged.
58,Young Male Spit,IC_GUN,Young Male Spit,0,0,,0x0000000000000000,FICTIONAL_UNFLAGGED,HIGH,,,Repository data identifies this row as a creature attack rather than a manufactured weapon; existing SciFi flag is 0 and is intentionally unchanged.
59,Old Male Spit,IC_GUN,Old Male Spit,0,0,,0x0000000000000000,FICTIONAL_UNFLAGGED,HIGH,,,Repository data identifies this row as a creature attack rather than a manufactured weapon; existing SciFi flag is 0 and is intentionally unchanged.
60,Cannon,IC_GUN,Tank Cannon,0,0,,0x0000000000000000,GENERIC_GAMEPLAY_ITEM,HIGH,,,Generic tank-cannon gameplay row with no specific manufactured cannon variant identified.
61,Dart Gun,IC_GUN,Dart Gun,0,0,,0x0000000000000000,GENERIC_GAMEPLAY_ITEM,HIGH,,,Generic dart-gun gameplay row with no specific manufactured weapon variant identified.
63,Flamethrower,IC_GUN,Flamethrower,0,0,,0x0000000000000000,GENERIC_GAMEPLAY_ITEM,HIGH,,,Generic portable flamethrower row; repository data names no model or manufacturer. Existing SciFi=1 is unchanged.
65,A. R. Rifle,IC_GUN,Auto Rocket Rifle,0,0,,0x0000000000000000,FICTIONAL_SCIFI,HIGH,,,Repository data presents this as JA2 rocket-rifle technology; existing SciFi=1 is retained and no fictional origin bit is invented.
66,Hartford 6,IC_GUN,Modified EMF Hartford 6 Shooter,0,0,,0x0000000000000000,FICTIONAL_UNFLAGGED,HIGH,,,Repository data describes a custom EMF Hartford revolver modified specifically for JA2 character Tex Colburn; no distinct historical production variant is represented.
67,M-950,IC_GUN,Calico M-950,0,0,USA,0x0000000000000001,CONFIRMED,HIGH,https://modernfirearms.net/en/submachine-guns/u-s-a-submachine-guns/calico-eng/,,Repository item/weapon identity cross-checked against the cited external reference; production years remain zero unless the reference states a defensible production/build bound.
68,M-900,IC_GUN,Calico M-900,0,0,USA,0x0000000000000001,CONFIRMED,HIGH,https://modernfirearms.net/en/submachine-guns/u-s-a-submachine-guns/calico-eng/,,Repository item/weapon identity cross-checked against the cited external reference; production years remain zero unless the reference states a defensible production/build bound.
69,M-960A,IC_GUN,Calico M-960A,0,0,USA,0x0000000000000001,CONFIRMED,HIGH,https://modernfirearms.net/en/submachine-guns/u-s-a-submachine-guns/calico-eng/,,Repository item/weapon identity cross-checked against the cited external reference; production years remain zero unless the reference states a defensible production/build bound.
330,Micro-Uzi,IC_GUN,Micro-Uzi,0,0,ISRAEL,0x0000001000000000,CONFIRMED,HIGH,https://modernfirearms.net/en/submachine-guns/israel-submachine-guns/uzi-micro-uzi-mini-uzi-eng/,,Repository item/weapon identity cross-checked against the cited external reference; production years remain zero unless the reference states a defensible production/build bound.
331,L85A2,IC_GUN,Enfield L85A2,0,0,UNITED_KINGDOM,0x0000000000000080,CONFIRMED,HIGH,https://modernfirearms.net/en/bez-rubriki-en/sa80-l85-eng/,,Repository item/weapon identity cross-checked against the cited external reference; production years remain zero unless the reference states a defensible production/build bound.
332,TAR 21,IC_GUN,Tavor TAR 21,0,0,ISRAEL,0x0000001000000000,CONFIRMED,HIGH,https://modernfirearms.net/en/assault-rifles/israel-assault-rifles/tavor-tar-21-eng/,,Repository item/weapon identity cross-checked against the cited external reference; production years remain zero unless the reference states a defensible production/build bound.
333,VSS,IC_GUN,VSS Vintorez,0,0,SOVIET_UNION,0x0000000000000002,CONFIRMED,HIGH,https://modernfirearms.net/en/sniper-rifles/standart-caliber-rifles/russia-standart-caliber-rifles/vss-eng/,,Repository item/weapon identity cross-checked against the cited external reference; production years remain zero unless the reference states a defensible production/build bound.
334,PSG1,IC_GUN,HK PSG1,0,0,GERMANY,0x0000000000000008,CONFIRMED,HIGH,https://modernfirearms.net/en/sniper-rifles/standart-caliber-rifles/germany-standart-caliber-rifles/hk-psg-1-eng/,,Repository item/weapon identity cross-checked against the cited external reference; production years remain zero unless the reference states a defensible production/build bound.
335,M82A2,IC_GUN,Barrett M82A2,0,0,,0x0000000000000000,UNRESOLVED,LOW,,,Research pending; keep runtime metadata zero until resolved.
336,SIG P226R,IC_GUN,SIG P226R,0,0,,0x0000000000000000,UNRESOLVED,LOW,,,Research pending; keep runtime metadata zero until resolved.
337,Five-seveN,IC_GUN,FN Five-seveN,0,0,BELGIUM,0x0000000000000100,CONFIRMED,HIGH,https://modernfirearms.net/en/handguns/handguns-en/belgium-semi-automatic-pistols/fn-five-seven-eng/,,Repository item/weapon identity cross-checked against the cited external reference; production years remain zero unless the reference states a defensible production/build bound.
338,Grach,IC_GUN,MP-443 Grach,0,0,,0x0000000000000000,UNRESOLVED,LOW,,,Research pending; keep runtime metadata zero until resolved.
339,Viking,IC_GUN,MP-446 Viking,0,0,,0x0000000000000000,UNRESOLVED,LOW,,,Research pending; keep runtime metadata zero until resolved.
340,Saiga 12K,IC_GUN,Saiga 12K,0,0,RUSSIA,0x0000000000000004,CONFIRMED,HIGH,https://modernfirearms.net/en/shotguns/russia-shotguns/sajga-12-eng/,,Repository item/weapon identity cross-checked against the cited external reference; production years remain zero unless the reference states a defensible production/build bound.
341,M3 Convertible,IC_GUN,Benelli M3 Convertible,0,0,,0x0000000000000000,UNRESOLVED,LOW,,,Research pending; keep runtime metadata zero until resolved.
342,MP5A4,IC_GUN,HK MP5A4,0,0,GERMANY,0x0000000000000008,CONFIRMED,HIGH,https://modernfirearms.net/en/submachine-guns/germany-submachine-guns/hk-mp5-eng/,,Repository item/weapon identity cross-checked against the cited external reference; production years remain zero unless the reference states a defensible production/build bound.
343,MP5N,IC_GUN,HK MP5N,0,0,GERMANY,0x0000000000000008,CONFIRMED,HIGH,https://modernfirearms.net/en/submachine-guns/germany-submachine-guns/hk-mp5-eng/,,Repository item/weapon identity cross-checked against the cited external reference; production years remain zero unless the reference states a defensible production/build bound.
344,MP5SD5,IC_GUN,HK MP5SD5,0,0,GERMANY,0x0000000000000008,CONFIRMED,HIGH,https://modernfirearms.net/en/submachine-guns/germany-submachine-guns/hk-mp5-eng/,,Repository item/weapon identity cross-checked against the cited external reference; production years remain zero unless the reference states a defensible production/build bound.
345,Uzi,IC_GUN,Uzi,0,0,ISRAEL,0x0000001000000000,CONFIRMED,HIGH,https://modernfirearms.net/en/submachine-guns/israel-submachine-guns/uzi-micro-uzi-mini-uzi-eng/,,Repository item/weapon identity cross-checked against the cited external reference; production years remain zero unless the reference states a defensible production/build bound.
346,Colt SMG,IC_GUN,Colt 9mm SMG,0,0,,0x0000000000000000,UNRESOLVED,LOW,,,Research pending; keep runtime metadata zero until resolved.
347,AK-47,IC_GUN,AK-47,0,0,,0x0000000000000000,UNRESOLVED,LOW,,,Research pending; keep runtime metadata zero until resolved.
348,SL8,IC_GUN,HK SL8,0,0,,0x0000000000000000,UNRESOLVED,LOW,,,Research pending; keep runtime metadata zero until resolved.
349,Vikhr,IC_GUN,Vikhr SR-3 Compact,0,0,,0x0000000000000000,UNRESOLVED,LOW,,,Research pending; keep runtime metadata zero until resolved.
350,SG540,IC_GUN,SIG SG540,0,0,SWITZERLAND,0x0000000000000400,CONFIRMED,HIGH,https://modernfirearms.net/en/assault-rifles/switzerland-assault-rifles/sig-540-542-543-eng/,,Repository item/weapon identity cross-checked against the cited external reference; production years remain zero unless the reference states a defensible production/build bound.
397,HP-35,IC_GUN,FN Browning HP-35,0,0,BELGIUM,0x0000000000000100,CONFIRMED,HIGH,https://modernfirearms.net/en/handguns/handguns-en/belgium-semi-automatic-pistols/fn-browning-hp-high-power-eng/,,Repository item/weapon identity cross-checked against the cited external reference; production years remain zero unless the reference states a defensible production/build bound.
601,AEK-919K,IC_GUN,"AEK-919K ""Kashtan""",0,0,,0x0000000000000000,UNRESOLVED,LOW,,,Research pending; keep runtime metadata zero until resolved.
602,AEK-971,IC_GUN,AEK-971,0,0,RUSSIA,0x0000000000000004,CONFIRMED,HIGH,https://modernfirearms.net/en/library-2/balanced-action/,,Repository item/weapon identity cross-checked against the cited external reference; production years remain zero unless the reference states a defensible production/build bound.
603,AEK-973,IC_GUN,AEK-973,0,0,RUSSIA,0x0000000000000004,CONFIRMED,HIGH,https://modernfirearms.net/en/library-2/balanced-action/,,Repository item/weapon identity cross-checked against the cited external reference; production years remain zero unless the reference states a defensible production/build bound.
604,Agram 2000,IC_GUN,Agram 2000,0,0,CROATIA,0x0000000010000000,CONFIRMED,HIGH,https://modernfirearms.net/en/submachine-guns/croatia-submachine-guns/agram2000-eng/,,Repository item/weapon identity cross-checked against the cited external reference; production years remain zero unless the reference states a defensible production/build bound.
605,AICW,IC_GUN,AICW,0,0,AUSTRALIA,0x0000010000000000,PROTOTYPE,HIGH,https://modernfirearms.net/en/assault-rifles/australia-assault-rifles/aicw-eng/,,"Australian AICW was an experimental DSTO/Tenix/Metal Storm program. Source documents prototypes/testing, but no defensible complete physical-build window is assigned."
606,AK-102,IC_GUN,AK-102,0,0,RUSSIA,0x0000000000000004,CONFIRMED,HIGH,https://modernfirearms.net/en/assault-rifles/russia-assault-rifles/ak-102104105-eng/,,Repository item/weapon identity cross-checked against the cited external reference; production years remain zero unless the reference states a defensible production/build bound.
607,AK-103,IC_GUN,AK-103,0,0,,0x0000000000000000,UNRESOLVED,LOW,,,Research pending; keep runtime metadata zero until resolved.
608,AK-104,IC_GUN,AK-104,0,0,RUSSIA,0x0000000000000004,CONFIRMED,HIGH,https://modernfirearms.net/en/assault-rifles/russia-assault-rifles/ak-102104105-eng/,,Repository item/weapon identity cross-checked against the cited external reference; production years remain zero unless the reference states a defensible production/build bound.
609,AK-105,IC_GUN,AK-105,0,0,RUSSIA,0x0000000000000004,CONFIRMED,HIGH,https://modernfirearms.net/en/assault-rifles/russia-assault-rifles/ak-102104105-eng/,,Repository item/weapon identity cross-checked against the cited external reference; production years remain zero unless the reference states a defensible production/build bound.
610,AK-107,IC_GUN,AK-107,0,0,RUSSIA,0x0000000000000004,PROTOTYPE,MEDIUM,https://modernfirearms.net/en/library-2/balanced-action/,,"AK-107 was developed/advertised but Modern Firearms reports no significant orders; treated as experimental/prototype for this represented variant, years zero."
611,AK-108,IC_GUN,AK-108,0,0,RUSSIA,0x0000000000000004,PROTOTYPE,MEDIUM,https://modernfirearms.net/en/library-2/balanced-action/,,"AK-108 was developed/advertised but Modern Firearms reports no significant orders; treated as experimental/prototype for this represented variant, years zero."
612,AKMS,IC_GUN,AKMS,0,0,,0x0000000000000000,UNRESOLVED,LOW,,,Research pending; keep runtime metadata zero until resolved.
613,AKS-47,IC_GUN,AKS-47,0,0,,0x0000000000000000,UNRESOLVED,LOW,,,Research pending; keep runtime metadata zero until resolved.
614,AKS-74,IC_GUN,AKS-74,0,0,,0x0000000000000000,UNRESOLVED,LOW,,,Research pending; keep runtime metadata zero until resolved.
615,AMD-65M,IC_GUN,AMD-65M,0,0,HUNGARY,0x0000000000800000,CONFIRMED,HIGH,https://modernfirearms.net/en/assault-rifles/hungary-assault-rifles/amd-65-2/,,Repository item/weapon identity cross-checked against the cited external reference; production years remain zero unless the reference states a defensible production/build bound.
616,AN-94,IC_GUN,"AN-94 ""Abakan""",0,2008,RUSSIA,0x0000000000000004,CONFIRMED,HIGH,https://modernfirearms.net/en/library-2/balanced-action/,,Modern Firearms states AN-94 production stopped in 2008; start left zero because trial/adoption dates are not production start.
617,AS Val,IC_GUN,AS Val,0,0,SOVIET_UNION,0x0000000000000002,CONFIRMED,HIGH,https://modernfirearms.net/en/assault-rifles/russia-assault-rifles/as-eng/,,Repository item/weapon identity cross-checked against the cited external reference; production years remain zero unless the reference states a defensible production/build bound.
618,AWM,IC_GUN,AI AWM,0,0,UNITED_KINGDOM,0x0000000000000080,CONFIRMED,HIGH,https://modernfirearms.net/en/sniper-rifles/standart-caliber-rifles/great-britain-standart-caliber-rifles/ai-arctic-warfare-l96-eng/,,Repository item/weapon identity cross-checked against the cited external reference; production years remain zero unless the reference states a defensible production/build bound.
619,Veresk,IC_GUN,SR-2 Veresk,0,0,,0x0000000000000000,UNRESOLVED,LOW,,,Research pending; keep runtime metadata zero until resolved.
620,M98,IC_GUN,Barrett M98,0,0,,0x0000000000000000,UNRESOLVED,LOW,,,Research pending; keep runtime metadata zero until resolved.
621,M4 Super 90,IC_GUN,Benelli M4 Super 90,0,0,,0x0000000000000000,UNRESOLVED,LOW,,,Research pending; keep runtime metadata zero until resolved.
622,Beretta 92FS,IC_GUN,Beretta 92FS,0,0,ITALY,0x0000000000000800,CONFIRMED,HIGH,https://modernfirearms.net/en/handguns/handguns-en/italy-semi-automatic-pistols/beretta-92-eng/,,Repository item/weapon identity cross-checked against the cited external reference; production years remain zero unless the reference states a defensible production/build bound.
623,Beretta 96FS,IC_GUN,Beretta 96FS Brigadier,0,0,ITALY,0x0000000000000800,CONFIRMED,HIGH,https://modernfirearms.net/en/handguns/handguns-en/italy-semi-automatic-pistols/beretta-92-eng/,,Repository item/weapon identity cross-checked against the cited external reference; production years remain zero unless the reference states a defensible production/build bound.
624,AR-70/90,IC_GUN,Beretta AR-70/90,0,0,ITALY,0x0000000000000800,CONFIRMED,HIGH,https://modernfirearms.net/en/assault-rifles/italy-assault-rifles/beretta-ar-70223-i-ar-7090-eng/,,Repository item/weapon identity cross-checked against the cited external reference; production years remain zero unless the reference states a defensible production/build bound.
625,M501,IC_GUN,Beretta M501,0,0,,0x0000000000000000,UNRESOLVED,LOW,,,Research pending; keep runtime metadata zero until resolved.
626,Bizon 2-07,IC_GUN,Bizon 2-07,0,0,,0x0000000000000000,UNRESOLVED,LOW,,,Research pending; keep runtime metadata zero until resolved.
627,M1919 A6,IC_GUN,Browning M1919 A6,0,0,,0x0000000000000000,UNRESOLVED,LOW,,,Research pending; keep runtime metadata zero until resolved.
628,Carl Gustaf,IC_GUN,Carl Gustaf M/45B,0,0,,0x0000000000000000,UNRESOLVED,LOW,,,Research pending; keep runtime metadata zero until resolved.
629,Modelo C,IC_GUN,CETME Modelo C,1964,1976,SPAIN,0x0000000000001000,CONFIRMED,HIGH,https://modernfirearms.net/en/assault-rifles/spain-assault-rifles/cetme-mod-a-b-58-c-eng/,,Modern Firearms states Modelo C was introduced in 1964 and explicitly that production ceased in 1976.
630,SR-25,IC_GUN,Knight SR-25,0,0,USA,0x0000000000000001,CONFIRMED,HIGH,https://modernfirearms.net/en/sniper-rifles/standart-caliber-rifles/u-s-a-standart-caliber-rifles/mk-11-mod-0-m110-sr-25-eng/,,Repository item/weapon identity cross-checked against the cited external reference; production years remain zero unless the reference states a defensible production/build bound.
631,M1911A1 Hi-Cap,IC_GUN,Colt High Capacity M1911A1,0,0,,0x0000000000000000,UNRESOLVED,LOW,,,Research pending; keep runtime metadata zero until resolved.
632,M16A4,IC_GUN,Colt M16A4,0,0,,0x0000000000000000,UNRESOLVED,LOW,,,Research pending; keep runtime metadata zero until resolved.
633,M4A1,IC_GUN,Colt M4A1,0,0,,0x0000000000000000,UNRESOLVED,LOW,,,Research pending; keep runtime metadata zero until resolved.
634,CZ 700,IC_GUN,CZ 700,0,0,,0x0000000000000000,UNRESOLVED,LOW,,,Research pending; keep runtime metadata zero until resolved.
635,CZ-52,IC_GUN,CZ-52,0,0,,0x0000000000000000,UNRESOLVED,LOW,,,Research pending; keep runtime metadata zero until resolved.
636,CZ-75B,IC_GUN,CZ-75B,0,0,,0x0000000000000000,UNRESOLVED,LOW,,,Research pending; keep runtime metadata zero until resolved.
637,Desert Eagle .44,IC_GUN,Desert Eagle .44,0,0,,0x0000000000000000,UNRESOLVED,LOW,,,Research pending; keep runtime metadata zero until resolved.
638,Desert Eagle .50,IC_GUN,Desert Eagle .50 AE,0,0,,0x0000000000000000,UNRESOLVED,LOW,,,Research pending; keep runtime metadata zero until resolved.
639,DSR-1,IC_GUN,DSR-1,0,0,,0x0000000000000000,UNRESOLVED,LOW,,,Research pending; keep runtime metadata zero until resolved.
640,SR-100,IC_GUN,Erma SR-100,0,0,,0x0000000000000000,UNRESOLVED,LOW,,,Research pending; keep runtime metadata zero until resolved.
641,Mini SAF,IC_GUN,FAMAE Mini SAF,0,0,CHILE,0x0000100000000000,CONFIRMED,HIGH,https://modernfirearms.net/en/submachine-guns/chile-submachine-guns/famae-s-a-f-eng/,,Repository item/weapon identity cross-checked against the cited external reference; production years remain zero unless the reference states a defensible production/build bound.
642,SAF,IC_GUN,FAMAE SAF,0,0,CHILE,0x0000100000000000,CONFIRMED,HIGH,https://modernfirearms.net/en/submachine-guns/chile-submachine-guns/famae-s-a-f-eng/,,Repository item/weapon identity cross-checked against the cited external reference; production years remain zero unless the reference states a defensible production/build bound.
643,SAF Silenciada,IC_GUN,FAMAE SAF Silenciada,0,0,CHILE,0x0000100000000000,CONFIRMED,HIGH,https://modernfirearms.net/en/submachine-guns/chile-submachine-guns/famae-s-a-f-eng/,,Repository item/weapon identity cross-checked against the cited external reference; production years remain zero unless the reference states a defensible production/build bound.
644,HP-35 .40,IC_GUN,FN Browning HP-35 .40,0,0,BELGIUM,0x0000000000000100,CONFIRMED,HIGH,https://modernfirearms.net/en/handguns/handguns-en/belgium-semi-automatic-pistols/fn-browning-hp-high-power-eng/,,Repository item/weapon identity cross-checked against the cited external reference; production years remain zero unless the reference states a defensible production/build bound.
645,BDA 9,IC_GUN,FN BDA 9,0,0,BELGIUM,0x0000000000000100,CONFIRMED,HIGH,https://modernfirearms.net/en/handguns/handguns-en/belgium-semi-automatic-pistols/fn-browning-hp-da-bda9-eng/,,Repository item/weapon identity cross-checked against the cited external reference; production years remain zero unless the reference states a defensible production/build bound.
646,F2000,IC_GUN,FN F2000,0,0,,0x0000000000000000,UNRESOLVED,LOW,,,Research pending; keep runtime metadata zero until resolved.
647,FAL Carbine,IC_GUN,FN FAL Carbine,0,0,,0x0000000000000000,UNRESOLVED,LOW,,,Research pending; keep runtime metadata zero until resolved.
648,FAL OSW,IC_GUN,FN FAL OSW,0,0,,0x0000000000000000,UNRESOLVED,LOW,,,Research pending; keep runtime metadata zero until resolved.
649,FN MAG,IC_GUN,FN MAG,0,0,,0x0000000000000000,UNRESOLVED,LOW,,,Research pending; keep runtime metadata zero until resolved.
650,Minimi SPW,IC_GUN,FN Minimi SPW,0,0,,0x0000000000000000,UNRESOLVED,LOW,,,Research pending; keep runtime metadata zero until resolved.
651,SCAR-H CQC,IC_GUN,FN SCAR-H CQC,0,0,,0x0000000000000000,UNRESOLVED,LOW,,,Research pending; keep runtime metadata zero until resolved.
652,SCAR-L CQC,IC_GUN,FN SCAR-L CQC,0,0,,0x0000000000000000,UNRESOLVED,LOW,,,Research pending; keep runtime metadata zero until resolved.
653,FNC,IC_GUN,FN FNC,0,0,,0x0000000000000000,UNRESOLVED,LOW,,,Research pending; keep runtime metadata zero until resolved.
654,FR-F2,IC_GUN,FR-F2,0,0,FRANCE,0x0000000000000040,CONFIRMED,HIGH,https://modernfirearms.net/en/sniper-rifles/standart-caliber-rifles/france-standart-caliber-rifles/fr-f2-eng/,,Repository item/weapon identity cross-checked against the cited external reference; production years remain zero unless the reference states a defensible production/build bound.
655,AR,IC_GUN,Galil AR,0,0,ISRAEL,0x0000001000000000,CONFIRMED,HIGH,https://modernfirearms.net/en/assault-rifles/israel-assault-rifles/galil-eng/,,Repository item/weapon identity cross-checked against the cited external reference; production years remain zero unless the reference states a defensible production/build bound.
656,SAR,IC_GUN,Galil SAR,0,0,ISRAEL,0x0000001000000000,CONFIRMED,HIGH,https://modernfirearms.net/en/assault-rifles/israel-assault-rifles/galil-eng/,,Repository item/weapon identity cross-checked against the cited external reference; production years remain zero unless the reference states a defensible production/build bound.
657,Gepard M2,IC_GUN,Gepard M2,0,0,,0x0000000000000000,UNRESOLVED,LOW,,,Research pending; keep runtime metadata zero until resolved.
658,Glock 19,IC_GUN,Glock 19,0,0,AUSTRIA,0x0000000000000200,CONFIRMED,HIGH,https://modernfirearms.net/en/handguns/glock-eng/,,Repository item/weapon identity cross-checked against the cited external reference; production years remain zero unless the reference states a defensible production/build bound.
659,Groza OC-14,IC_GUN,Groza OC-14,0,0,,0x0000000000000000,UNRESOLVED,LOW,,,Research pending; keep runtime metadata zero until resolved.
660,Groza 14-4A,IC_GUN,Groza OC-14-4A-01,0,0,,0x0000000000000000,UNRESOLVED,LOW,,,Research pending; keep runtime metadata zero until resolved.
661,HK 23E,IC_GUN,HK 23E,0,0,GERMANY,0x0000000000000008,CONFIRMED,HIGH,https://modernfirearms.net/ru/pulemety/germanija-pulemety/hk-21-i-23/,,Repository item/weapon identity cross-checked against the cited external reference; production years remain zero unless the reference states a defensible production/build bound.
662,"HK 416 14""",IC_GUN,"HK 416 14""",0,0,,0x0000000000000000,UNRESOLVED,LOW,,,Research pending; keep runtime metadata zero until resolved.
663,G11 PDW,IC_GUN,HK G11 PDW,0,0,,0x0000000000000000,UNRESOLVED,LOW,,,Research pending; keep runtime metadata zero until resolved.
664,G36C,IC_GUN,HK G36C,0,0,GERMANY,0x0000000000000008,CONFIRMED,HIGH,https://modernfirearms.net/en/assault-rifles/germany-assault-rifles/hk-g36-eng/,,Repository item/weapon identity cross-checked against the cited external reference; production years remain zero unless the reference states a defensible production/build bound.
665,G36 RAS,IC_GUN,HK G36 RAS,0,0,GERMANY,0x0000000000000008,CONFIRMED,HIGH,https://modernfirearms.net/en/assault-rifles/germany-assault-rifles/hk-g36-eng/,,Repository item/weapon identity cross-checked against the cited external reference; production years remain zero unless the reference states a defensible production/build bound.
666,G36K RAS,IC_GUN,HK G36K RAS,0,0,GERMANY,0x0000000000000008,CONFIRMED,HIGH,https://modernfirearms.net/en/assault-rifles/germany-assault-rifles/hk-g36-eng/,,Repository item/weapon identity cross-checked against the cited external reference; production years remain zero unless the reference states a defensible production/build bound.
667,G3KA4,IC_GUN,HK G3KA4,0,0,,0x0000000000000000,UNRESOLVED,LOW,,,Research pending; keep runtime metadata zero until resolved.
668,MG36 RAS,IC_GUN,HK MG36 RAS,0,0,,0x0000000000000000,UNRESOLVED,LOW,,,Research pending; keep runtime metadata zero until resolved.
669,MG43,IC_GUN,HK MG43,0,0,,0x0000000000000000,UNRESOLVED,LOW,,,Research pending; keep runtime metadata zero until resolved.
670,MK23 SOCOM,IC_GUN,HK Mark 23 SOCOM,0,0,,0x0000000000000000,UNRESOLVED,LOW,,,Research pending; keep runtime metadata zero until resolved.
671,MP5/10A3,IC_GUN,HK MP5/10A3,0,0,GERMANY,0x0000000000000008,CONFIRMED,HIGH,https://modernfirearms.net/en/submachine-guns/germany-submachine-guns/hk-mp5-eng/,,Repository item/weapon identity cross-checked against the cited external reference; production years remain zero unless the reference states a defensible production/build bound.
672,OTs 39,IC_GUN,OTs 39,0,0,,0x0000000000000000,UNRESOLVED,LOW,,,Research pending; keep runtime metadata zero until resolved.
673,MP7A1,IC_GUN,HK MP7A1,0,0,,0x0000000000000000,UNRESOLVED,LOW,,,Research pending; keep runtime metadata zero until resolved.
674,MSG90A1,IC_GUN,HK MSG90A1,0,0,,0x0000000000000000,UNRESOLVED,LOW,,,Research pending; keep runtime metadata zero until resolved.
675,P7M8,IC_GUN,HK P7M8,0,0,GERMANY,0x0000000000000008,CONFIRMED,HIGH,https://modernfirearms.net/ru/pistolety-i-revolvery/pistolety/germanija-pistolety/hk-p7/,,Repository item/weapon identity cross-checked against the cited external reference; production years remain zero unless the reference states a defensible production/build bound.
676,SL9SD,IC_GUN,HK SL9SD,0,0,,0x0000000000000000,UNRESOLVED,LOW,,,Research pending; keep runtime metadata zero until resolved.
677,UMP45,IC_GUN,HK UMP45,0,0,GERMANY,0x0000000000000008,CONFIRMED,HIGH,https://modernfirearms.net/en/submachine-guns/germany-submachine-guns/hk-ump-40-eng/,,Repository item/weapon identity cross-checked against the cited external reference; production years remain zero unless the reference states a defensible production/build bound.
678,USP,IC_GUN,HK USP,0,0,GERMANY,0x0000000000000008,CONFIRMED,HIGH,https://modernfirearms.net/en/handguns/handguns-en/germany-semi-automatic-pistols/hk-usp-eng/,,Repository item/weapon identity cross-checked against the cited external reference; production years remain zero unless the reference states a defensible production/build bound.
679,Ithaca 37,IC_GUN,Ithaca Model 37,1937,0,USA,0x0000000000000001,CONFIRMED,HIGH,https://modernfirearms.net/en/shotguns/u-s-a-shotguns/ithaca-37-eng/,,Modern Firearms states Ithaca Model 37 was introduced in 1937 and remains in production; end therefore remains zero.
680,Jackhammer,IC_GUN,Jackhammer Mk3A1,0,0,,0x0000000000000000,UNRESOLVED,LOW,,,Research pending; keep runtime metadata zero until resolved.
681,Jati-Matic,IC_GUN,Jati-Matic GG-95 PDW,0,0,FINLAND,0x0000000000008000,CONFIRMED,HIGH,https://modernfirearms.net/en/submachine-guns/finland-submachine-guns/jati-matic-eng/,,Repository item/weapon identity cross-checked against the cited external reference; production years remain zero unless the reference states a defensible production/build bound.
682,KSVK,IC_GUN,KSVK,0,0,,0x0000000000000000,UNRESOLVED,LOW,,,Research pending; keep runtime metadata zero until resolved.
683,M1 Garand,IC_GUN,M1 Garand,0,0,,0x0000000000000000,UNRESOLVED,LOW,,,Research pending; keep runtime metadata zero until resolved.
684,M21,IC_GUN,M21 Tactical,0,0,,0x0000000000000000,UNRESOLVED,LOW,,,Research pending; keep runtime metadata zero until resolved.
685,M40A1,IC_GUN,M40A1,0,0,,0x0000000000000000,UNRESOLVED,LOW,,,Research pending; keep runtime metadata zero until resolved.
686,Surf Zone,IC_GUN,Metal Storm Surf Zone,0,0,,0x0000000000000000,UNRESOLVED,LOW,,,Research pending; keep runtime metadata zero until resolved.
687,M60E3,IC_GUN,M60E3,0,0,,0x0000000000000000,UNRESOLVED,LOW,,,Research pending; keep runtime metadata zero until resolved.
688,Cobray M11/9,IC_GUN,Cobray M11/9,0,0,,0x0000000000000000,UNRESOLVED,LOW,,,Research pending; keep runtime metadata zero until resolved.
689,PM,IC_GUN,Makarov PM,1949,0,SOVIET_UNION,0x0000000000000002,CONFIRMED,HIGH,https://modernfirearms.net/en/handguns/handguns-en/russia-semi-automatic-pistols/makarov-pmpmm-eng/,,Modern Firearms identifies a Makarov PM as first-year production (1949); end left zero because the represented generic PM production history spans multiple Soviet plants/periods.
690,PMM,IC_GUN,Makarov PMM,0,0,RUSSIA,0x0000000000000004,CONFIRMED,HIGH,https://modernfirearms.net/en/handguns/handguns-en/russia-semi-automatic-pistols/makarov-pmpmm-eng/,,Repository item/weapon identity cross-checked against the cited external reference; production years remain zero unless the reference states a defensible production/build bound.
691,Micro Galil,IC_GUN,Micro Galil,0,0,ISRAEL,0x0000001000000000,CONFIRMED,HIGH,https://modernfirearms.net/en/assault-rifles/israel-assault-rifles/galil-eng/,,Repository item/weapon identity cross-checked against the cited external reference; production years remain zero unless the reference states a defensible production/build bound.
692,Mini-Uzi,IC_GUN,Mini-Uzi,0,0,ISRAEL,0x0000001000000000,CONFIRMED,HIGH,https://modernfirearms.net/en/submachine-guns/israel-submachine-guns/uzi-micro-uzi-mini-uzi-eng/,,Repository item/weapon identity cross-checked against the cited external reference; production years remain zero unless the reference states a defensible production/build bound.
693,Mosin-Nagant,IC_GUN,Mosin-Nagant M1891/30,0,0,,0x0000000000000000,UNRESOLVED,LOW,,,Research pending; keep runtime metadata zero until resolved.
694,MP-133,IC_GUN,Baikal MP-133,0,0,,0x0000000000000000,UNRESOLVED,LOW,,,Research pending; keep runtime metadata zero until resolved.
695,Varjag,IC_GUN,MP-445 Varjag,0,0,,0x0000000000000000,UNRESOLVED,LOW,,,Research pending; keep runtime metadata zero until resolved.
696,Neostead,IC_GUN,Neostead,2001,0,SOUTH_AFRICA,0x0000020000000000,CONFIRMED,HIGH,https://modernfirearms.net/en/shotguns/south-africa-shotguns/neostead-eng/,,Modern Firearms states Neostead production began in 2001; no reliable end bound recorded.
697,OSV-96,IC_GUN,OSV-96,0,0,,0x0000000000000000,UNRESOLVED,LOW,,,Research pending; keep runtime metadata zero until resolved.
698,M82,IC_GUN,Parker Hale M82,0,0,UNITED_KINGDOM,0x0000000000000080,CONFIRMED,HIGH,https://modernfirearms.net/en/sniper-rifles/standart-caliber-rifles/great-britain-standart-caliber-rifles/parker-hale-m82-eng/,,Repository item/weapon identity cross-checked against the cited external reference; production years remain zero unless the reference states a defensible production/build bound.
699,Pecheneg,IC_GUN,Pecheneg,0,0,,0x0000000000000000,UNRESOLVED,LOW,,,Research pending; keep runtime metadata zero until resolved.
700,PKM,IC_GUN,PKM,0,0,,0x0000000000000000,UNRESOLVED,LOW,,,Research pending; keep runtime metadata zero until resolved.
701,PP-93,IC_GUN,PP-93,0,0,,0x0000000000000000,UNRESOLVED,LOW,,,Research pending; keep runtime metadata zero until resolved.
702,PPsh-41,IC_GUN,PPsh-41,0,0,,0x0000000000000000,UNRESOLVED,LOW,,,Research pending; keep runtime metadata zero until resolved.
703,PSM,IC_GUN,PSM,0,0,,0x0000000000000000,UNRESOLVED,LOW,,,Research pending; keep runtime metadata zero until resolved.
704,QBZ-97,IC_GUN,QBZ-97,0,0,,0x0000000000000000,UNRESOLVED,LOW,,,Research pending; keep runtime metadata zero until resolved.
705,RPD,IC_GUN,RPD,0,0,,0x0000000000000000,UNRESOLVED,LOW,,,Research pending; keep runtime metadata zero until resolved.
706,RPK,IC_GUN,RPK,0,0,,0x0000000000000000,UNRESOLVED,LOW,,,Research pending; keep runtime metadata zero until resolved.
707,Redhawk,IC_GUN,Ruger Redhawk Revolver,0,0,,0x0000000000000000,UNRESOLVED,LOW,,,Research pending; keep runtime metadata zero until resolved.
708,SA vz.58,IC_GUN,SA vz.58,0,0,,0x0000000000000000,UNRESOLVED,LOW,,,Research pending; keep runtime metadata zero until resolved.
709,TRG 22,IC_GUN,Sako TRG 22,0,0,FINLAND,0x0000000000008000,CONFIRMED,HIGH,https://modernfirearms.net/en/sniper-rifles/standart-caliber-rifles/finland-standart-caliber-rifles/sako-trg-eng/,,Repository item/weapon identity cross-checked against the cited external reference; production years remain zero unless the reference states a defensible production/build bound.
710,TRG 42,IC_GUN,Sako TRG 42,0,0,FINLAND,0x0000000000008000,CONFIRMED,HIGH,https://modernfirearms.net/en/sniper-rifles/standart-caliber-rifles/finland-standart-caliber-rifles/sako-trg-eng/,,Repository item/weapon identity cross-checked against the cited external reference; production years remain zero unless the reference states a defensible production/build bound.
711,Sawed-Off,IC_GUN,Sawed-Off Shotgun,0,0,,0x0000000000000000,GENERIC_GAMEPLAY_ITEM,HIGH,,,"Generic sawed-off shotgun row; no base shotgun model/manufacturer is identified, so no specific production history can be assigned."
712,SG542,IC_GUN,SIG SG542,0,0,SWITZERLAND,0x0000000000000400,CONFIRMED,HIGH,https://modernfirearms.net/en/assault-rifles/switzerland-assault-rifles/sig-540-542-543-eng/,,Repository item/weapon identity cross-checked against the cited external reference; production years remain zero unless the reference states a defensible production/build bound.
713,SG550,IC_GUN,SIG SG550,0,0,SWITZERLAND,0x0000000000000400,CONFIRMED,HIGH,https://modernfirearms.net/en/assault-rifles/switzerland-assault-rifles/sig-550-551-552-556-556xi-eng/,,Repository item/weapon identity cross-checked against the cited external reference; production years remain zero unless the reference states a defensible production/build bound.
714,SG551,IC_GUN,SIG SG551 SWAT,0,0,SWITZERLAND,0x0000000000000400,CONFIRMED,HIGH,https://modernfirearms.net/en/assault-rifles/switzerland-assault-rifles/sig-550-551-552-556-556xi-eng/,,Repository item/weapon identity cross-checked against the cited external reference; production years remain zero unless the reference states a defensible production/build bound.
715,SG552,IC_GUN,SIG SG552 Commando,0,0,SWITZERLAND,0x0000000000000400,CONFIRMED,HIGH,https://modernfirearms.net/en/assault-rifles/switzerland-assault-rifles/sig-550-551-552-556-556xi-eng/,,Repository item/weapon identity cross-checked against the cited external reference; production years remain zero unless the reference states a defensible production/build bound.
716,P210,IC_GUN,SIG P210,0,0,,0x0000000000000000,UNRESOLVED,LOW,,,Research pending; keep runtime metadata zero until resolved.
717,P226R .40,IC_GUN,SIG P226R .40,0,0,,0x0000000000000000,UNRESOLVED,LOW,,,Research pending; keep runtime metadata zero until resolved.
718,P229R,IC_GUN,SIG P229R,0,0,,0x0000000000000000,UNRESOLVED,LOW,,,Research pending; keep runtime metadata zero until resolved.
719,SIG Pro,IC_GUN,SIG Pro,0,0,,0x0000000000000000,UNRESOLVED,LOW,,,Research pending; keep runtime metadata zero until resolved.
720,Skorpion,IC_GUN,Skorpion vz.82,0,0,,0x0000000000000000,UNRESOLVED,LOW,,,Research pending; keep runtime metadata zero until resolved.
721,Sphinx 3000,IC_GUN,Sphinx 3000,0,0,SWITZERLAND,0x0000000000000400,CONFIRMED,HIGH,https://modernfirearms.net/en/handguns/handguns-en/switzerland-semi-automatic-pistols/sphinx-3000-eng/,,Repository item/weapon identity cross-checked against the cited external reference; production years remain zero unless the reference states a defensible production/build bound.
722,Springfield XD,IC_GUN,Springfield XD,0,0,,0x0000000000000000,UNRESOLVED,LOW,,,Research pending; keep runtime metadata zero until resolved.
723,Gyurza,IC_GUN,SR-1 Gyurza,0,0,,0x0000000000000000,UNRESOLVED,LOW,,,Research pending; keep runtime metadata zero until resolved.
724,Stechkin APS,IC_GUN,Stechkin APS,0,0,SOVIET_UNION,0x0000000000000002,CONFIRMED,HIGH,https://modernfirearms.net/en/handguns/handguns-en/russia-semi-automatic-pistols/stechkin-aps-selective-fire-eng/,,Repository item/weapon identity cross-checked against the cited external reference; production years remain zero unless the reference states a defensible production/build bound.
725,L2A3,IC_GUN,Sterling L2A3,0,0,,0x0000000000000000,UNRESOLVED,LOW,,,Research pending; keep runtime metadata zero until resolved.
726,AUG HBAR,IC_GUN,Steyr AUG HBAR,0,0,AUSTRIA,0x0000000000000200,CONFIRMED,HIGH,https://modernfirearms.net/en/assault-rifles/austria-assault-rifles/steyr-aug-eng/,,Repository item/weapon identity cross-checked against the cited external reference; production years remain zero unless the reference states a defensible production/build bound.
727,AUG Para,IC_GUN,Steyr AUG Para,0,0,AUSTRIA,0x0000000000000200,CONFIRMED,HIGH,https://modernfirearms.net/en/assault-rifles/austria-assault-rifles/steyr-aug-eng/,,Repository item/weapon identity cross-checked against the cited external reference; production years remain zero unless the reference states a defensible production/build bound.
728,Scout,IC_GUN,Steyr Scout Tactical,0,0,,0x0000000000000000,UNRESOLVED,LOW,,,Research pending; keep runtime metadata zero until resolved.
729,SSG-P1,IC_GUN,Steyr SSG-P1,0,0,,0x0000000000000000,UNRESOLVED,LOW,,,Research pending; keep runtime metadata zero until resolved.
730,TMP,IC_GUN,Steyr TMP,0,0,,0x0000000000000000,UNRESOLVED,LOW,,,Research pending; keep runtime metadata zero until resolved.
731,Street Sweeper,IC_GUN,Street Sweeper,0,0,,0x0000000000000000,UNRESOLVED,LOW,,,Research pending; keep runtime metadata zero until resolved.
732,Super-Shorty,IC_GUN,Super-Shorty Mini-Shotgun,0,0,,0x0000000000000000,UNRESOLVED,LOW,,,Research pending; keep runtime metadata zero until resolved.
733,SV-98,IC_GUN,SV-98,0,0,,0x0000000000000000,UNRESOLVED,LOW,,,Research pending; keep runtime metadata zero until resolved.
734,SVDS,IC_GUN,Dragunov SVDS,0,0,,0x0000000000000000,UNRESOLVED,LOW,,,Research pending; keep runtime metadata zero until resolved.
735,SVU,IC_GUN,SVU,0,0,,0x0000000000000000,UNRESOLVED,LOW,,,Research pending; keep runtime metadata zero until resolved.
736,Raging Bull 444,IC_GUN,Taurus Raging Bull 444,0,0,,0x0000000000000000,UNRESOLVED,LOW,,,Research pending; keep runtime metadata zero until resolved.
737,Thompson M1928,IC_GUN,Thompson M1928,0,0,USA,0x0000000000000001,CONFIRMED,HIGH,https://modernfirearms.net/en/submachine-guns/thompson-1921-tommy-gun-eng/,,Repository item/weapon identity cross-checked against the cited external reference; production years remain zero unless the reference states a defensible production/build bound.
738,TT-33,IC_GUN,Tokarev TT-33,0,0,,0x0000000000000000,UNRESOLVED,LOW,,,Research pending; keep runtime metadata zero until resolved.
739,UDAR,IC_GUN,U-94S UDAR,0,0,,0x0000000000000000,UNRESOLVED,LOW,,,Research pending; keep runtime metadata zero until resolved.
740,Ultimax,IC_GUN,Ultimax,0,0,,0x0000000000000000,UNRESOLVED,LOW,,,Research pending; keep runtime metadata zero until resolved.
741,USAS-12,IC_GUN,USAS-12,0,0,USA|SOUTH_KOREA,0x0000000400000001,CONFIRMED,HIGH,https://modernfirearms.net/en/shotguns/south-korea-shotguns/usas-12-eng/,,Repository item/weapon identity cross-checked against the cited external reference; production years remain zero unless the reference states a defensible production/build bound.
742,M76,IC_GUN,Valmet M76,0,0,,0x0000000000000000,UNRESOLVED,LOW,,,Research pending; keep runtime metadata zero until resolved.
743,M82,IC_GUN,Valmet M82,0,0,,0x0000000000000000,UNRESOLVED,LOW,,,Research pending; keep runtime metadata zero until resolved.
744,VIS-35,IC_GUN,VIS-35,0,0,POLAND,0x0000000000400000,CONFIRMED,HIGH,https://modernfirearms.net/en/handguns/handguns-en/poland-semi-automatic-pistols/vis-wz-35-eng/,,Repository item/weapon identity cross-checked against the cited external reference; production years remain zero unless the reference states a defensible production/build bound.
745,VSk-94,IC_GUN,VSk-94,0,0,,0x0000000000000000,UNRESOLVED,LOW,,,Research pending; keep runtime metadata zero until resolved.
746,WA 2000,IC_GUN,Walther WA 2000,0,0,,0x0000000000000000,UNRESOLVED,LOW,,,Research pending; keep runtime metadata zero until resolved.
747,94 Trapper,IC_GUN,Winchester 94 Trapper,0,0,,0x0000000000000000,UNRESOLVED,LOW,,,Research pending; keep runtime metadata zero until resolved.
748,OICW,IC_GUN,XM-29 OICW,0,0,,0x0000000000000000,UNRESOLVED,LOW,,,Research pending; keep runtime metadata zero until resolved.
749,XM8 Auto,IC_GUN,XM8 Automatic,0,0,,0x0000000000000000,UNRESOLVED,LOW,,,Research pending; keep runtime metadata zero until resolved.
750,XM8,IC_GUN,XM8 Baseline Carbine,0,0,,0x0000000000000000,UNRESOLVED,LOW,,,Research pending; keep runtime metadata zero until resolved.
751,XM8 Compact,IC_GUN,XM8 Compact Carbine,0,0,,0x0000000000000000,UNRESOLVED,LOW,,,Research pending; keep runtime metadata zero until resolved.
752,XM8 Sharpshooter,IC_GUN,XM8 Sharpshooter,0,0,,0x0000000000000000,UNRESOLVED,LOW,,,Research pending; keep runtime metadata zero until resolved.
753,Zastava,IC_GUN,Zastava M76,0,0,YUGOSLAVIA,0x0000000004000000,CONFIRMED,HIGH,https://modernfirearms.net/en/sniper-rifles/standart-caliber-rifles/yugoslavia-standart-caliber-rifles/zastava-m76-eng/,,Repository item/weapon identity cross-checked against the cited external reference; production years remain zero unless the reference states a defensible production/build bound.
754,MP-233B,IC_GUN,Baikal MP-233B,0,0,,0x0000000000000000,UNRESOLVED,LOW,,,Research pending; keep runtime metadata zero until resolved.
755,G36,IC_GUN,HK G36,0,0,GERMANY,0x0000000000000008,CONFIRMED,HIGH,https://modernfirearms.net/en/assault-rifles/germany-assault-rifles/hk-g36-eng/,,Repository item/weapon identity cross-checked against the cited external reference; production years remain zero unless the reference states a defensible production/build bound.
756,G36K,IC_GUN,HK G36K,0,0,GERMANY,0x0000000000000008,CONFIRMED,HIGH,https://modernfirearms.net/en/assault-rifles/germany-assault-rifles/hk-g36-eng/,,Repository item/weapon identity cross-checked against the cited external reference; production years remain zero unless the reference states a defensible production/build bound.
757,INSAS,IC_GUN,INSAS,0,0,,0x0000000000000000,UNRESOLVED,LOW,,,Research pending; keep runtime metadata zero until resolved.
758,Grizzly .50,IC_GUN,LAR Grizzly .50 AE,0,0,,0x0000000000000000,UNRESOLVED,LOW,,,Research pending; keep runtime metadata zero until resolved.
759,PA-15,IC_GUN,MAB PA-15,0,0,FRANCE,0x0000000000000040,CONFIRMED,HIGH,https://modernfirearms.net/en/handguns/handguns-en/france-semi-automatic-pistols/mab-pa-15-eng/,,Repository item/weapon identity cross-checked against the cited external reference; production years remain zero unless the reference states a defensible production/build bound.
760,.50 Beo,IC_GUN,.50 Beowulf Rifle,0,0,,0x0000000000000000,UNRESOLVED,LOW,,,Research pending; keep runtime metadata zero until resolved.
761,MPL,IC_GUN,Walther MPL,0,0,,0x0000000000000000,UNRESOLVED,LOW,,,Research pending; keep runtime metadata zero until resolved.
762,M16A1,IC_GUN,Colt M16A1,0,0,,0x0000000000000000,UNRESOLVED,LOW,,,Research pending; keep runtime metadata zero until resolved.
763,XM177E1,IC_GUN,Colt XM177-E1,0,0,,0x0000000000000000,UNRESOLVED,LOW,,,Research pending; keep runtime metadata zero until resolved.
764,CMMG 7.3,IC_GUN,CMMG 7.3,0,0,,0x0000000000000000,UNRESOLVED,LOW,,,Research pending; keep runtime metadata zero until resolved.
765,OA-93,IC_GUN,OA-93,0,0,,0x0000000000000000,UNRESOLVED,LOW,,,Research pending; keep runtime metadata zero until resolved.
766,Automag IV,IC_GUN,Automag IV,0,0,,0x0000000000000000,UNRESOLVED,LOW,,,Research pending; keep runtime metadata zero until resolved.
767,Grizzly .45,IC_GUN,LAR Grizzly .45 WM,0,0,,0x0000000000000000,UNRESOLVED,LOW,,,Research pending; keep runtime metadata zero until resolved.
768,Wildey,IC_GUN,Wildey Survivor,0,0,,0x0000000000000000,UNRESOLVED,LOW,,,Research pending; keep runtime metadata zero until resolved.
769,C7CT,IC_GUN,ColtCanada C7CT,0,0,,0x0000000000000000,UNRESOLVED,LOW,,,Research pending; keep runtime metadata zero until resolved.
770,Encore,IC_GUN,Thompson Contender Encore,0,0,,0x0000000000000000,UNRESOLVED,LOW,,,Research pending; keep runtime metadata zero until resolved.
771,Alaskan,IC_GUN,Ruger S. Redhawk Alaskan,0,0,,0x0000000000000000,UNRESOLVED,LOW,,,Research pending; keep runtime metadata zero until resolved.
772,FA M83,IC_GUN,Fr. Arms M83 Premier Grade,0,0,,0x0000000000000000,UNRESOLVED,LOW,,,Research pending; keep runtime metadata zero until resolved.
773,KP M/31,IC_GUN,KP M/31 Suomi,0,0,,0x0000000000000000,UNRESOLVED,LOW,,,Research pending; keep runtime metadata zero until resolved.
774,VSSK,IC_GUN,VSSK Vykhlop,0,0,,0x0000000000000000,UNRESOLVED,LOW,,,Research pending; keep runtime metadata zero until resolved.
775,SPAS-12,IC_GUN,SPAS-12,0,0,,0x0000000000000000,UNRESOLVED,LOW,,,Research pending; keep runtime metadata zero until resolved.
776,Kar 98k,IC_GUN,Mauser Karabiner 98k,0,0,,0x0000000000000000,UNRESOLVED,LOW,,,Research pending; keep runtime metadata zero until resolved.
777,Benelli R-1,IC_GUN,Benelli R-1,0,0,,0x0000000000000000,UNRESOLVED,LOW,,,Research pending; keep runtime metadata zero until resolved.
778,Blaser LRS2,IC_GUN,Blaser R93 LRS2,0,0,,0x0000000000000000,UNRESOLVED,LOW,,,Research pending; keep runtime metadata zero until resolved.
779,S&O Shorty,IC_GUN,S&O Shorty,0,0,,0x0000000000000000,UNRESOLVED,LOW,,,Research pending; keep runtime metadata zero until resolved.
780,SA-24,IC_GUN,SA-24,0,0,,0x0000000000000000,UNRESOLVED,LOW,,,Research pending; keep runtime metadata zero until resolved.
781,SAR 21,IC_GUN,SAR 21,0,0,,0x0000000000000000,UNRESOLVED,LOW,,,Research pending; keep runtime metadata zero until resolved.
782,SR-47,IC_GUN,KAC SR-47,0,0,,0x0000000000000000,UNRESOLVED,LOW,,,Research pending; keep runtime metadata zero until resolved.
783,Walther P99,IC_GUN,Walther P99,0,0,,0x0000000000000000,UNRESOLVED,LOW,,,Research pending; keep runtime metadata zero until resolved.
784,Mauser M-03,IC_GUN,Mauser M-03,0,0,,0x0000000000000000,UNRESOLVED,LOW,,,Research pending; keep runtime metadata zero until resolved.
785,AKMSU,IC_GUN,AKMSU,0,0,,0x0000000000000000,UNRESOLVED,LOW,,,Research pending; keep runtime metadata zero until resolved.
786,Elite 10mm,IC_GUN,Colt Delta Elite,0,0,,0x0000000000000000,UNRESOLVED,LOW,,,Research pending; keep runtime metadata zero until resolved.
787,SCAR-H SV,IC_GUN,FN SCAR-H SV,0,0,,0x0000000000000000,UNRESOLVED,LOW,,,Research pending; keep runtime metadata zero until resolved.
788,SCAR-L SV,IC_GUN,FN SCAR-L SV,0,0,,0x0000000000000000,UNRESOLVED,LOW,,,Research pending; keep runtime metadata zero until resolved.
789,Steyr ACR,IC_GUN,Steyr ACR,0,0,AUSTRIA,0x0000000000000200,PROTOTYPE,HIGH,https://modernfirearms.net/en/assault-rifles/austria-assault-rifles/steyr-acr-eng/,,Steyr ACR was built for the US Army Advanced Combat Rifle trials and did not enter serial production; no complete physical-build window is asserted.
790,SCAR-WP CQC,IC_GUN,FN SCAR-WP CQC,0,0,,0x0000000000000000,UNRESOLVED,LOW,,,Research pending; keep runtime metadata zero until resolved.
791,SCAR-WP SV,IC_GUN,FN SCAR-WP SV,0,0,,0x0000000000000000,UNRESOLVED,LOW,,,Research pending; keep runtime metadata zero until resolved.
792,SCAR-68 CQC,IC_GUN,FN SCAR-68 CQC,0,0,,0x0000000000000000,UNRESOLVED,LOW,,,Research pending; keep runtime metadata zero until resolved.
793,SCAR-68 SV,IC_GUN,FN SCAR-68 SV,0,0,,0x0000000000000000,UNRESOLVED,LOW,,,Research pending; keep runtime metadata zero until resolved.
794,MP5/40A3,IC_GUN,HK MP5/40A3,0,0,GERMANY,0x0000000000000008,CONFIRMED,HIGH,https://modernfirearms.net/en/submachine-guns/germany-submachine-guns/hk-mp5-eng/,,Repository item/weapon identity cross-checked against the cited external reference; production years remain zero unless the reference states a defensible production/build bound.
795,M468,IC_GUN,Barrett M468,0,0,,0x0000000000000000,UNRESOLVED,LOW,,,Research pending; keep runtime metadata zero until resolved.
796,M4A3,IC_GUN,Bushmaster M4A3,0,0,,0x0000000000000000,UNRESOLVED,LOW,,,Research pending; keep runtime metadata zero until resolved.
797,XCR-1,IC_GUN,Robarms XCR-1,0,0,,0x0000000000000000,UNRESOLVED,LOW,,,Research pending; keep runtime metadata zero until resolved.
798,Luger P-08,IC_GUN,P-08 Parabellum,0,0,,0x0000000000000000,UNRESOLVED,LOW,,,Research pending; keep runtime metadata zero until resolved.
799,P226 SAS,IC_GUN,SIG P226 SAS,0,0,,0x0000000000000000,UNRESOLVED,LOW,,,Research pending; keep runtime metadata zero until resolved.
800,P226 SAS .40,IC_GUN,SIG P226 SAS .40,0,0,,0x0000000000000000,UNRESOLVED,LOW,,,Research pending; keep runtime metadata zero until resolved.
887,Anaconda,IC_GUN,Colt Anaconda,0,0,,0x0000000000000000,UNRESOLVED,LOW,,,Research pending; keep runtime metadata zero until resolved.
888,MR-96,IC_GUN,Manurhin MR-96,0,0,,0x0000000000000000,UNRESOLVED,LOW,,,Research pending; keep runtime metadata zero until resolved.
889,PRO-9,IC_GUN,FN PRO-9,0,0,,0x0000000000000000,UNRESOLVED,LOW,,,Research pending; keep runtime metadata zero until resolved.
890,Forty-Nine,IC_GUN,FN Forty-Nine,0,0,,0x0000000000000000,UNRESOLVED,LOW,,,Research pending; keep runtime metadata zero until resolved.
891,FNP-45,IC_GUN,FN FNP-45,0,0,,0x0000000000000000,UNRESOLVED,LOW,,,Research pending; keep runtime metadata zero until resolved.
892,S&W M29,IC_GUN,Smith & Wesson M29,0,0,,0x0000000000000000,UNRESOLVED,LOW,,,Research pending; keep runtime metadata zero until resolved.
893,M29 SATAN,IC_GUN,M29 SATAN,0,0,,0x0000000000000000,FICTIONAL_SCIFI,HIGH,,,Repository data presents M29 SATAN as a game-specific/science-fiction variant; existing SciFi=1 is retained and no fictional origin bit is invented.
894,MR-73,IC_GUN,Manurhin MR-73,0,0,,0x0000000000000000,UNRESOLVED,LOW,,,Research pending; keep runtime metadata zero until resolved.
896,M14 EBR,IC_GUN,M14 EBR,0,0,,0x0000000000000000,UNRESOLVED,LOW,,,Research pending; keep runtime metadata zero until resolved.
897,M21 EBR,IC_GUN,M21 EBR,0,0,,0x0000000000000000,UNRESOLVED,LOW,,,Research pending; keep runtime metadata zero until resolved.
898,FP6,IC_GUN,Fabarm FP6,0,0,,0x0000000000000000,UNRESOLVED,LOW,,,Research pending; keep runtime metadata zero until resolved.
899,SDASS,IC_GUN,Fabarm SDASS,0,0,,0x0000000000000000,UNRESOLVED,LOW,,,Research pending; keep runtime metadata zero until resolved.
900,Pro II,IC_GUN,Kimber Eclipse Pro II,0,0,,0x0000000000000000,UNRESOLVED,LOW,,,Research pending; keep runtime metadata zero until resolved.
901,Commando Mortar,IC_LAUNCHER,Commando Mortar,0,0,,0x0000000000000000,GENERIC_GAMEPLAY_ITEM,HIGH,,,Generic 'Commando Mortar' gameplay row; repository data supplies 60 mm characteristics but no manufacturer/model sufficient to identify one historical variant.
902,M203PI,IC_LAUNCHER,Colt M203PI Grenade Launcher,0,0,,0x0000000000000000,UNRESOLVED,LOW,,,Research pending; keep runtime metadata zero until resolved.
903,GM-94,IC_LAUNCHER,GM-94 Grenade Launcher,0,0,,0x0000000000000000,UNRESOLVED,LOW,,,Research pending; keep runtime metadata zero until resolved.
904,GP-30,IC_LAUNCHER,GP-30 Obuvka Grenade Launcher,0,0,,0x0000000000000000,UNRESOLVED,LOW,,,Research pending; keep runtime metadata zero until resolved.
905,AG36,IC_LAUNCHER,HK AG36 Grenade Launcher,0,0,,0x0000000000000000,UNRESOLVED,LOW,,,Research pending; keep runtime metadata zero until resolved.
906,MGL-140,IC_LAUNCHER,Milkor MGL-140 Grenade Launcher,0,0,,0x0000000000000000,UNRESOLVED,LOW,,,Research pending; keep runtime metadata zero until resolved.
907,RGM,IC_LAUNCHER,RGM Kastet Grenade Launcher,0,0,,0x0000000000000000,UNRESOLVED,LOW,,,Research pending; keep runtime metadata zero until resolved.
908,XM25,IC_LAUNCHER,XM25 Grenade Launcher,0,0,,0x0000000000000000,UNRESOLVED,LOW,,,Research pending; keep runtime metadata zero until resolved.
909,AICW Launcher (built-in),IC_LAUNCHER,AICW Grenade Launcher (built-in),0,0,,0x0000000000000000,UNRESOLVED,LOW,,,Research pending; keep runtime metadata zero until resolved.
910,F2000 Launcher (built-in),IC_LAUNCHER,F2000 Grenade Launcher (built-in),0,0,,0x0000000000000000,UNRESOLVED,LOW,,,Research pending; keep runtime metadata zero until resolved.
911,GP-25 Launcher (built-in),IC_LAUNCHER,GP-25 Kostyor Grenade Launcher (Built-in),0,0,,0x0000000000000000,UNRESOLVED,LOW,,,Research pending; keep runtime metadata zero until resolved.
912,OICW Launcher (built-in),IC_LAUNCHER,OICW Grenade Launcher (built-in),0,0,,0x0000000000000000,UNRESOLVED,LOW,,,Research pending; keep runtime metadata zero until resolved.
913,HK 79 Launcher,IC_LAUNCHER,HK 79 Grenade Launcher,0,0,,0x0000000000000000,UNRESOLVED,LOW,,,Research pending; keep runtime metadata zero until resolved.
914,RPG-7,IC_LAUNCHER,RPG-7,0,0,,0x0000000000000000,UNRESOLVED,LOW,,,Research pending; keep runtime metadata zero until resolved.
915,RPG-16,IC_LAUNCHER,RPG-16 Grom,0,0,,0x0000000000000000,UNRESOLVED,LOW,,,Research pending; keep runtime metadata zero until resolved.
916,RPG-26,IC_LAUNCHER,RPG-26 Aglen,0,0,,0x0000000000000000,UNRESOLVED,LOW,,,Research pending; keep runtime metadata zero until resolved.
917,RPG-27,IC_LAUNCHER,RPG-27 Tavolga,0,0,,0x0000000000000000,UNRESOLVED,LOW,,,Research pending; keep runtime metadata zero until resolved.
918,RPO-M,IC_LAUNCHER,RPO-M Shmel,0,0,,0x0000000000000000,UNRESOLVED,LOW,,,Research pending; keep runtime metadata zero until resolved.
920,M203 CLS,IC_LAUNCHER,Colt Launcher System,0,0,,0x0000000000000000,UNRESOLVED,LOW,,,Research pending; keep runtime metadata zero until resolved.
921,FN EGLM,IC_LAUNCHER,FN EGLM Grenade Launcher,0,0,,0x0000000000000000,UNRESOLVED,LOW,,,Research pending; keep runtime metadata zero until resolved.
922,KAC M203,IC_LAUNCHER,KAC Launcher System,0,0,,0x0000000000000000,UNRESOLVED,LOW,,,Research pending; keep runtime metadata zero until resolved.
1064,P239 SAS,IC_GUN,SIG P239 SAS,0,0,,0x0000000000000000,UNRESOLVED,LOW,,,Research pending; keep runtime metadata zero until resolved.
1065,AUG-A3,IC_GUN,Steyr AUG-A3,0,0,,0x0000000000000000,UNRESOLVED,LOW,,,Research pending; keep runtime metadata zero until resolved.
1066,"HK 416 10""",IC_GUN,"HK 416 10""",0,0,,0x0000000000000000,UNRESOLVED,LOW,,,Research pending; keep runtime metadata zero until resolved.
1067,M12,IC_GUN,Beretta M12,0,0,,0x0000000000000000,UNRESOLVED,LOW,,,Research pending; keep runtime metadata zero until resolved.
1069,Galatz,IC_GUN,Galil Sniper,0,0,,0x0000000000000000,UNRESOLVED,LOW,,,Research pending; keep runtime metadata zero until resolved.
1070,"HK 416 16""",IC_GUN,"HK 416 16""",0,0,,0x0000000000000000,UNRESOLVED,LOW,,,Research pending; keep runtime metadata zero until resolved.
1071,Owen .45,IC_GUN,Owen .45,0,0,,0x0000000000000000,UNRESOLVED,LOW,,,Research pending; keep runtime metadata zero until resolved.
1072,"HK 416 20""",IC_GUN,"HK 416 20""",0,0,,0x0000000000000000,UNRESOLVED,LOW,,,Research pending; keep runtime metadata zero until resolved.
1073,HK UCP,IC_GUN,HK UCP,0,0,,0x0000000000000000,UNRESOLVED,LOW,,,Research pending; keep runtime metadata zero until resolved.
1074,HEZI SM-1,IC_GUN,HEZI SM-1,0,0,,0x0000000000000000,UNRESOLVED,LOW,,,Research pending; keep runtime metadata zero until resolved.
1075,MG3,IC_GUN,Rheinmetall MG3,0,0,,0x0000000000000000,UNRESOLVED,LOW,,,Research pending; keep runtime metadata zero until resolved.
1076,Shrike,IC_GUN,Ares M4 Shrike,0,0,,0x0000000000000000,UNRESOLVED,LOW,,,Research pending; keep runtime metadata zero until resolved.
1077,HK 417,IC_GUN,HK 417,0,0,,0x0000000000000000,UNRESOLVED,LOW,,,Research pending; keep runtime metadata zero until resolved.
1078,Cx4 Storm,IC_GUN,Beretta Cx4 Storm,0,0,,0x0000000000000000,UNRESOLVED,LOW,,,Research pending; keep runtime metadata zero until resolved.
1177,Spectre,IC_GUN,Spectre M4,0,0,,0x0000000000000000,UNRESOLVED,LOW,,,Research pending; keep runtime metadata zero until resolved.
1178,MAT-49,IC_GUN,MAT-49,0,0,,0x0000000000000000,UNRESOLVED,LOW,,,Research pending; keep runtime metadata zero until resolved.
1179,SIG MP41/44,IC_GUN,SIG MP41/44,0,0,,0x0000000000000000,UNRESOLVED,LOW,,,Research pending; keep runtime metadata zero until resolved.
1187,MG36,IC_GUN,HK MG36,0,0,,0x0000000000000000,UNRESOLVED,LOW,,,Research pending; keep runtime metadata zero until resolved.
1188,Ameli,IC_GUN,CETME Ameli,1982,0,SPAIN,0x0000000000001000,CONFIRMED,MEDIUM,https://modernfirearms.net/en/machineguns/spain-machineguns/cetme-ameli-eng/,,"Modern Firearms states the Ameli was developed by CETME in 1982 and describes it as an in-service manufactured weapon; 1982 retained as the earliest defensible model-production bound, end unknown."
1190,KAC PDW,IC_GUN,KAC PDW,0,0,,0x0000000000000000,UNRESOLVED,LOW,,,Research pending; keep runtime metadata zero until resolved.
1191,Magpul PDR-D,IC_GUN,Magpul PDR-D,0,0,,0x0000000000000000,UNRESOLVED,LOW,,,Research pending; keep runtime metadata zero until resolved.
1192,Automag V,IC_GUN,Automag V,0,0,,0x0000000000000000,UNRESOLVED,LOW,,,Research pending; keep runtime metadata zero until resolved.
1193,M1 Carbine,IC_GUN,M1 Carbine,0,0,,0x0000000000000000,UNRESOLVED,LOW,,,Research pending; keep runtime metadata zero until resolved.
1194,Python,IC_GUN,Colt Python,0,0,,0x0000000000000000,UNRESOLVED,LOW,,,Research pending; keep runtime metadata zero until resolved.
1195,MC51,IC_GUN,FR Ordnance MC51,0,0,,0x0000000000000000,UNRESOLVED,LOW,,,Research pending; keep runtime metadata zero until resolved.
1201,SL8 RAS,IC_GUN,HK SL8 RAS,0,0,,0x0000000000000000,UNRESOLVED,LOW,,,Research pending; keep runtime metadata zero until resolved.
1332,"AR57 16""",IC_GUN,"AR57 16""",0,0,,0x0000000000000000,UNRESOLVED,LOW,,,Research pending; keep runtime metadata zero until resolved.
1333,"AR57 11""",IC_GUN,"AR57 11""",0,0,,0x0000000000000000,UNRESOLVED,LOW,,,Research pending; keep runtime metadata zero until resolved.
1334,"AR57 6""-S",IC_GUN,"AR57 6""-Silenced",0,0,,0x0000000000000000,UNRESOLVED,LOW,,,Research pending; keep runtime metadata zero until resolved.
1352,Hand Mortar,IC_GUN,Hand Mortar,0,0,,0x0000000000000000,GENERIC_GAMEPLAY_ITEM,HIGH,,,Generic 18th-century hand mortar row; 'JOURSON' engraving is insufficient to establish a specific serial-production variant.
1522,KAC Masterkey,IC_GUN,KAC Masterkey,0,0,,0x0000000000000000,UNRESOLVED,LOW,,,Research pending; keep runtime metadata zero until resolved.
1581,Rifle Grenade Device,IC_LAUNCHER,Rifle Grenade Device,0,0,,0x0000000000000000,GENERIC_GAMEPLAY_ITEM,HIGH,,,Generic rifle-grenade device gameplay row rather than a specific manufactured launcher model.
1627,Pepper Spray,IC_GUN,Pepper Spray,0,0,,0x0000000000000000,GENERIC_GAMEPLAY_ITEM,HIGH,,,Generic pepper-spray gameplay row rather than a specific firearm/launcher variant.
1736,Strela-2,IC_LAUNCHER,Strela-2,0,0,,0x0000000000000000,UNRESOLVED,LOW,,,Research pending; keep runtime metadata zero until resolved.
1761,Extinguisher,IC_GUN,Fire Extinguisher,0,0,,0x0000000000000000,GENERIC_GAMEPLAY_ITEM,HIGH,,,"Generic fire-extinguisher gameplay row classified as a gun by the engine, not a historically manufactured weapon variant."
1762,PS90,IC_GUN,FN PS90,0,0,,0x0000000000000000,UNRESOLVED,LOW,,,Research pending; keep runtime metadata zero until resolved.
1775,M82A1,IC_GUN,Barrett M82A1,0,0,,0x0000000000000000,UNRESOLVED,LOW,,,Research pending; keep runtime metadata zero until resolved.
